id,organisation_id,name,slug,description,category,age_min,age_max,grade_min,grade_max,start_date,end_date,capacity,price,currency,early_bird_price,early_bird_deadline,payment_link,commission_rate,enrolled_count,enquiries_enabled,location,what_to_bring,requirements,featured_image_url,gallery_urls,video_url,video_urls,video_metadata,image_metadata,highlights,amenities,faqs,staff_credentials,daily_schedule,schedule,included_in_price,not_included_in_price,cancellation_policy,refund_policy,safety_protocols,insurance_info,status,featured,published_at,created_by,created_at,updated_at
abf933cb-cb15-4ec4-8c7d-28a3d5b7a390,58c97db7-4e20-4f26-8d71-92b7d67d8755,Academic Minds,academic-minds,"Equipping young adults with effective study skills and methods that prepare them for success at university and beyond. The programme nurtures self-discipline, initiative and independence, helping students become confident self-starters. Hosted at Epsom College Malaysia.

",academic,15,17,,,2025-12-13,2025-12-19,20,5200,MYR,,,,0.25,0,true,Malaysia,"üèïÔ∏è What to Bring to Summer Camp

‚Ä¢ Sleeping bag or bed roll (and a fitted sheet if you‚Äôre fancy)
‚Ä¢ Pill ow (yes, you‚Äôll miss it if you don‚Äôt bring it)
‚Ä¢ 5‚Äì7 sets of clothes ‚Äî comfy, washable, and ready for mud
‚Ä¢ Warm jumper or hoodie (nights get chilly, even heroes get cold)
‚Ä¢ Rain jacket or poncho (because nature doesn‚Äôt care about your plans)
‚Ä¢ Underwear and socks (more than you think you‚Äôll need)
‚Ä¢ Trainers or walking shoes
‚Ä¢ Flip-flops or slides (for showers and pool time)
‚Ä¢ Pyjamas
‚Ä¢ Hat or cap for sun protection
‚Ä¢ Reusable water bottle
‚Ä¢ Torch/flashlight (and spare batteries ‚Äî no, your phone torch doesn‚Äôt count)‚Ä¢","‚úÖ Camp Requirements

‚Ä¢ To make sure everyone has a safe, fun, and unforgettable time, please read these carefully before arriving at camp.

ü©∫ Health & Safety

‚Ä¢ All campers must submit a completed health form at least 7 days before camp.
‚Ä¢ Medications must be clearly labeled and handed to staff during check-in.
‚Ä¢ Campers must be free from contagious illnesses for at least 48 hours before arrival.
‚Ä¢ Any allergies or medical conditions must be clearly listed ‚Äî no surprises, please.
‚Ä¢Sunscreen and insect repellent are strongly recommended (sunburn and mosquito bites aren‚Äôt badges of honor).

üôå Behaviour & Conduct

‚Ä¢ Treat everyone ‚Äî campers, staff, and squirrels ‚Äî with respect.
‚Ä¢ No bullying, teasing, or ‚Äúfunny‚Äù pranks that make someone else miserable.
‚Ä¢ Stay within camp boundaries unless supervised.
‚Ä¢Follow safety instructions during activities ‚Äî ignoring them = sitting out.
‚Ä¢ Phones and electronics may be collected during certain hours to promote actual conversation.

üïí Attendance & Check-In

‚Ä¢ Check-in: 2:00 PM ‚Äì 4:00 PM on Day 1.
‚Ä¢ Check-out: Campers must be signed out by a parent or guardian on the final day.
‚Ä¢ Please notify the camp office in advance if you‚Äôll arrive late or need early pick-up.

üßæ Insurance & Liability

‚Ä¢ All campers must have basic medical insurance coverage.
‚Ä¢ The camp is not responsible for lost, damaged, or mysteriously disappearing items ‚Äî pack wisely.
‚Ä¢ Leave valuables at home (this includes jewelry, gadgets, and your limited-edition sneakers).

üë¶üëß Age & Participation
‚Ä¢ Camp is open to ages 8‚Äì16 (unless otherwise stated).
‚Ä¢ All campers are expected to join in activities unless medically excused.

‚ÄúI‚Äôm tired‚Äù or ‚ÄúI don‚Äôt like bugs‚Äù are not valid reasons to skip the fun.",https://images.pexels.com/photos/10643448/pexels-photo-10643448.jpeg,"[""https://jkfbqimwhjukrmgjsxrj.supabase.co/storage/v1/object/public/camp-images/camps/qk5iigzhloe-1761540146659.jpeg"",""https://jkfbqimwhjukrmgjsxrj.supabase.co/storage/v1/object/public/camp-images/camps/lqa15opbn5l-1761541491246.jpeg"",""https://jkfbqimwhjukrmgjsxrj.supabase.co/storage/v1/object/public/camp-images/camps/4u8pd7pc694-1761541510208.jpeg""]",https://youtu.be/eeqdJERG_S8?si=IBvK-VhqIC7f49uj,"[""https://jkfbqimwhjukrmgjsxrj.supabase.co/storage/v1/object/public/camp-videos/camps/tv3l0wkwawo-1761540429059.mp4""]","[{""url"":""https://jkfbqimwhjukrmgjsxrj.supabase.co/storage/v1/object/public/camp-videos/camps/tv3l0wkwawo-1761540429059.mp4"",""type"":""direct"",""title"":""ce702b1cdebd426d8c54c1e9e70ff981"",""description"":"""",""display_order"":0}]","[{""url"":""https://jkfbqimwhjukrmgjsxrj.supabase.co/storage/v1/object/public/camp-images/camps/qk5iigzhloe-1761540146659.jpeg"",""caption"":""car"",""alt_text"":""Generated Image August 30, 2025 - 8_35AM"",""display_order"":0},{""url"":""https://jkfbqimwhjukrmgjsxrj.supabase.co/storage/v1/object/public/camp-images/camps/lqa15opbn5l-1761541491246.jpeg"",""caption"":""car"",""alt_text"":""Generated Image August 30, 2025 - 8_43AM"",""display_order"":1},{""url"":""https://jkfbqimwhjukrmgjsxrj.supabase.co/storage/v1/object/public/camp-images/camps/4u8pd7pc694-1761541510208.jpeg"",""caption"":""dude"",""alt_text"":""Generated Image August 29, 2025 - 10_04AM"",""display_order"":2}]","[""üèïÔ∏è Outdoor Adventures"",""Daily hikes through stunning trails ‚Äî perfect for spotting wildlife (and testing your new boots)."",""Campfire nights with marshmallows, music, and embarrassing singalongs."",""Water games, obstacle courses, and classic tug-of-war battles."",""üé® Creative Zone"",""Art, crafts, and tie-dye sessions ‚Äî get messy, make magic, and take it home."",""Drama, dance, and music workshops led by our energetic camp mentors."",""Camp talent show ‚Äî where everyone‚Äôs a star (even if they forget the words)."",""‚öΩ Team Challenges"",""Sports tournaments for every skill level ‚Äî from football to frisbee."",""Team-building games that test your brain, brawn, and ability to laugh at yourself."",""Friendly competitions with prizes, pride, and plenty of bragging rights."",""üåû Life Skills & Leadership"",""Learn how to start a fire (safely), pitch a tent, and make friends that last a lifetime."",""Leadership and confidence workshops to build courage and independence."",""Team challenges designed to help campers discover their inner trailblazer."",""üéâ Unforgettable Moments"",""Theme nights, surprise events, and secret missions (don‚Äôt ask ‚Äî you‚Äôll find out)."",""The Great Camp Finale: games, awards, and a final campfire send-off you‚Äôll never forget."",""Endless laughter, new friendships, and memories that‚Äôll outlast your tan.""]","[{""faqs"":[{""answer"":""This website helps users find answers to common questions quickly and easily."",""question"":""What is this website about?""},{""answer"":""Click the 'Sign Up' button at the top right corner and fill in your details."",""question"":""How do I create an account?""},{""answer"":""Yes, we use encryption and secure servers to protect your personal data."",""question"":""Is my information secure?""},{""answer"":""Yes, go to your account settings and select 'Change Password'."",""question"":""Can I change my password?""},{""answer"":""You can reach our support team via the 'Contact Us' page or by emailing support@example.com."",""question"":""How can I contact support?""}]}]","[{""faqs"":[{""answer"":""This website helps users find answers to common questions quickly and easily."",""question"":""What is this website about?""},{""answer"":""Click the 'Sign Up' button at the top right corner and fill in your details."",""question"":""How do I create an account?""},{""answer"":""Yes, we use encryption and secure servers to protect your personal data."",""question"":""Is my information secure?""},{""answer"":""Yes, go to your account settings and select 'Change Password'."",""question"":""Can I change my password?""},{""answer"":""You can reach our support team via the 'Contact Us' page or by emailing support@example.com."",""question"":""How can I contact support?""}]}]",,,"{}",,,dtfghbjnok,qswqwqqw,qweqweweq,qweqweweqwqe,published,true,,,2025-10-17T07:51:30.446981+00:00,2025-10-17T07:51:30.446981+00:00
0d15e5ce-fbef-458d-9aa8-e1b8d7d37513,58c97db7-4e20-4f26-8d71-92b7d67d8755,Wild Minds,wild-minds,"Empowering young people to explore entrepreneurship, leadership and AI in creative, hands-on ways. They will apply these skills to understand our environment and sustainability and learn how innovation can shape a better future. For students aged 11-17.",academic,11,17,,,2025-12-13,2025-10-21,20,8700,MYR,8600,,,0.1,0,true,Borneo,"Why choose the Wild Minds camp?
Campers will cultivate resilience, adaptability, and strategic thinking as they navigate complex scenarios and bring ideas to life. They‚Äôll strengthen their ability to collaborate across disciplines, communicate with clarity, and make decisions rooted in both data and values. With a strong emphasis on initiative and curiosity, the experience encourages students to think expansively, act with intention, and engage meaningfully with the world around them.


What‚Äôs Included:

Expert mentorship from leaders in technology and conservation
Engaging and innovative learning experiences
Chaperoned flights and all camp-related transportation will be provided throughout the specified camp dates, excluding arrival and departure
Full-board accommodation with rooms for up to three students, fostering team spirit
Skills for Life

Resilience, adaptability, critical thinking, collaboration, effective communication, and values-based decision-making",,https://images.pexels.com/photos/26926253/pexels-photo-26926253.jpeg,"[""https://jkfbqimwhjukrmgjsxrj.supabase.co/storage/v1/object/public/camp-images/camps/25u3kua2rgv-1761873717443.jpg"",""https://jkfbqimwhjukrmgjsxrj.supabase.co/storage/v1/object/public/camp-images/camps/84s29594wiu-1761873721341.jpg"",""https://jkfbqimwhjukrmgjsxrj.supabase.co/storage/v1/object/public/camp-images/camps/8d74a2zatvo-1761873779494.jpg"",""https://jkfbqimwhjukrmgjsxrj.supabase.co/storage/v1/object/public/camp-images/camps/63ogcdygb18-1761873828453.jpg""]",,"[]","[]","[{""url"":""https://jkfbqimwhjukrmgjsxrj.supabase.co/storage/v1/object/public/camp-images/camps/25u3kua2rgv-1761873717443.jpg"",""caption"":"""",""alt_text"":""traworld-official-zz1A4Iq--Q4-unsplash"",""display_order"":0},{""url"":""https://jkfbqimwhjukrmgjsxrj.supabase.co/storage/v1/object/public/camp-images/camps/84s29594wiu-1761873721341.jpg"",""caption"":"""",""alt_text"":""yaopey-yong-dmZt27Hl2Uo-unsplash"",""display_order"":1},{""url"":""https://jkfbqimwhjukrmgjsxrj.supabase.co/storage/v1/object/public/camp-images/camps/8d74a2zatvo-1761873779494.jpg"",""caption"":"""",""alt_text"":""colin-meg-Z0WBtLqSNak-unsplash"",""display_order"":2},{""url"":""https://jkfbqimwhjukrmgjsxrj.supabase.co/storage/v1/object/public/camp-images/camps/63ogcdygb18-1761873828453.jpg"",""caption"":"""",""alt_text"":""jesse-schoff-Ph2KtIqKs7c-unsplash"",""display_order"":3}]",,,,,,"{}",,,,,,,published,true,,,2025-10-17T04:05:26.421503+00:00,2025-10-17T04:05:26.421503+00:00
cccccccc-cccc-cccc-cccc-cccccccccccc,22222222-2222-2222-2222-222222222222,STEM Innovation Camp,stem-innovation-camp,"Hands-on coding, robotics, and engineering projects",stem,12,17,6th,11th,2025-07-15,2025-07-22,25,799,USD,,,,0.2,0,true,Japan,,,https://plus.unsplash.com/premium_photo-1726736570905-541addb614f1?ixlib=rb-4.1.0&ixid=M3wxMjA3fDB8MHxwaG90by1wYWdlfHx8fGVufDB8fHx8fA%3D%3D&auto=format&fit=crop&q=80&w=1409,"[]",,"[]","[]","[]",,,,,,"{}",,,,,,,published,false,,c0ea4ade-19a0-4af6-af00-2e1aa408bd00,2025-10-16T03:41:05.781555+00:00,2025-10-16T03:41:05.781555+00:00
bbbbbbbb-bbbb-bbbb-bbbb-bbbbbbbbbbbb,11111111-1111-1111-1111-111111111111,Creative Arts Workshop,creative-arts-workshop,"Explore painting, sculpture, and digital art with professional artists",arts,10,16,5th,10th,2025-07-01,2025-07-05,20,599,USD,,,,0.15,1,true,New York,,,https://images.unsplash.com/photo-1758522275018-2751894b49c8?ixlib=rb-4.1.0&ixid=M3wxMjA3fDB8MHxwaG90by1wYWdlfHx8fGVufDB8fHx8fA%3D%3D&auto=format&fit=crop&q=80&w=2532,"[""https://jkfbqimwhjukrmgjsxrj.supabase.co/storage/v1/object/public/camp-images/camps/h8f36uryuj-1761877207444.jpg"",""https://jkfbqimwhjukrmgjsxrj.supabase.co/storage/v1/object/public/camp-images/camps/gwpen84372f-1761877211128.jpg"",""https://jkfbqimwhjukrmgjsxrj.supabase.co/storage/v1/object/public/camp-images/camps/0o1kclastdy-1761877214680.jpg""]",,"[]","[]","[{""url"":""https://jkfbqimwhjukrmgjsxrj.supabase.co/storage/v1/object/public/camp-images/camps/h8f36uryuj-1761877207444.jpg"",""caption"":"""",""alt_text"":""pexels-rdne-5899064"",""display_order"":0},{""url"":""https://jkfbqimwhjukrmgjsxrj.supabase.co/storage/v1/object/public/camp-images/camps/gwpen84372f-1761877211128.jpg"",""caption"":"""",""alt_text"":""pexels-koolshooters-9736920"",""display_order"":1},{""url"":""https://jkfbqimwhjukrmgjsxrj.supabase.co/storage/v1/object/public/camp-images/camps/0o1kclastdy-1761877214680.jpg"",""caption"":"""",""alt_text"":""pexels-olga-creator-2156768010-34494003"",""display_order"":2}]",,,,,,"{}",,,,,,,published,true,,c0ea4ade-19a0-4af6-af00-2e1aa408bd00,2025-10-16T03:41:05.781555+00:00,2025-10-16T03:41:05.781555+00:00
aaaaaaaa-aaaa-aaaa-aaaa-aaaaaaaaaaaa,11111111-1111-1111-1111-111111111111,Steve Summer Sports Camp,steve-summer-sports-camp,"An exciting week of sports activities including soccer, basketball, and swimming",sports,8,14,3rd,8th,2025-06-15,2025-06-20,30,499,USD,,,,0.25,1,true,China,"Bugs
Teeth
Sandwich","legs
Arms",https://images.unsplash.com/photo-1694656501263-b58e9fe3819e?ixlib=rb-4.1.0&ixid=M3wxMjA3fDB8MHxwaG90by1wYWdlfHx8fGVufDB8fHx8fA%3D%3D&auto=format&fit=crop&q=80&w=1471,"[]",,"[]","[]","[]",,,,,,"{}",,,,,,,published,false,,c0ea4ade-19a0-4af6-af00-2e1aa408bd00,2025-10-16T03:41:05.781555+00:00,2025-10-16T03:41:05.781555+00:00
dddddddd-dddd-dddd-dddd-dddddddddddd,22222222-2222-2222-2222-222222222222,Adventure Outdoors,adventure-outdoors,"Hiking, camping, and outdoor survival skills",adventure,13,18,7th,12th,2025-08-01,2025-08-07,15,899,USD,,,,0.2,0,true,Atlanta,,,https://plus.unsplash.com/premium_photo-1700316993751-e79a424660dd?ixlib=rb-4.1.0&ixid=M3wxMjA3fDB8MHxwaG90by1wYWdlfHx8fGVufDB8fHx8fA%3D%3D&auto=format&fit=crop&q=80&w=1471,"[]",,"[]","[]","[]",,,,,,"{}",,,,,,,published,false,,c0ea4ade-19a0-4af6-af00-2e1aa408bd00,2025-10-16T03:41:05.781555+00:00,2025-10-16T03:41:05.781555+00:00
ffffffff-ffff-ffff-ffff-ffffffffffff,33333333-3333-3333-3333-333333333333,Academic Enrichment,academic-enrichment,Math and science tutoring with certified teachers,academic,10,15,5th,9th,2025-07-08,2025-07-12,12,449,USD,,,,10,0,true,New York,,,https://images.unsplash.com/photo-1524178232363-1fb2b075b655?ixlib=rb-4.1.0&ixid=M3wxMjA3fDB8MHxwaG90by1wYWdlfHx8fGVufDB8fHx8fA%3D%3D&auto=format&fit=crop&q=80&w=2340,"[""https://jkfbqimwhjukrmgjsxrj.supabase.co/storage/v1/object/public/camp-images/camps/pzyexz013j-1761877426398.jpg"",""https://jkfbqimwhjukrmgjsxrj.supabase.co/storage/v1/object/public/camp-images/camps/f1o2ouuw3x9-1761877431219.jpg"",""https://jkfbqimwhjukrmgjsxrj.supabase.co/storage/v1/object/public/camp-images/camps/aojnwoocyst-1761877444468.jpg""]",,"[]","[]","[{""url"":""https://jkfbqimwhjukrmgjsxrj.supabase.co/storage/v1/object/public/camp-images/camps/pzyexz013j-1761877426398.jpg"",""caption"":"""",""alt_text"":""headway-5QgIuuBxKwM-unsplash"",""display_order"":0},{""url"":""https://jkfbqimwhjukrmgjsxrj.supabase.co/storage/v1/object/public/camp-images/camps/f1o2ouuw3x9-1761877431219.jpg"",""caption"":"""",""alt_text"":""annie-spratt-4-4WPFLVhAY-unsplash"",""display_order"":1},{""url"":""https://jkfbqimwhjukrmgjsxrj.supabase.co/storage/v1/object/public/camp-images/camps/aojnwoocyst-1761877444468.jpg"",""caption"":"""",""alt_text"":""pexels-koolshooters-9736920"",""display_order"":2}]",,,,,,"{}",,,,,,,published,true,,c0ea4ade-19a0-4af6-af00-2e1aa408bd00,2025-10-16T03:41:05.781555+00:00,2025-10-16T03:41:05.781555+00:00
eeeeeeee-eeee-eeee-eeee-eeeeeeeeeeee,33333333-3333-3333-3333-333333333333,Language Immersion,language-immersion,Spanish and French language learning through games and activities,language,8,14,3rd,8th,2025-06-22,2025-06-28,18,549,USD,,,,0.1,0,true,Singapore,,,https://images.unsplash.com/photo-1558443957-d056622df610?ixlib=rb-4.1.0&ixid=M3wxMjA3fDB8MHxwaG90by1wYWdlfHx8fGVufDB8fHx8fA%3D%3D&auto=format&fit=crop&q=80&w=1632,"[]",,"[]","[]","[]",,,,,,"{}",,,,,,,published,false,,c0ea4ade-19a0-4af6-af00-2e1aa408bd00,2025-10-16T03:41:05.781555+00:00,2025-10-16T03:41:05.781555+00:00